{"Steps":50,"_timestamp":1.770275032495691e+09,"_runtime":194,"_step":0,"MSE":0.024268726107720878,"sim/video_10.0%":{"sha256":"03a9141561c8cae48cc3412dc3cb3896612c8c4653413d37dcb60355b3866b92","size":189629,"path":"media/videos/sim/video_10.0%_0_03a9141561c8cae48cc3.mp4","_type":"video-file"},"Average Inference Time":3.050770559310913,"Training":0.1,"R^2":0.8775514282414928,"_wandb":{"runtime":194}}