{"_wandb":{"runtime":317},"_runtime":317,"_step":99,"Inference Time":-2.976856231689453,"Average Inference Time":-2.9597945547103883,"Steps":100,"_timestamp":1.7702704284561954e+09}